latitude,longitude,event_date,soil_moisture,tilt_x,vibration_count,rainfall_24h,rainfall_72h,slope_angle,ndvi,landslide_occurred
25.6269,94.1139,2021-10-16,40.01,2.46,0.0,4.0,16.0,38.13,0.4,0
30.1176,78.7472,2014-08-15 00:00:00,69.3,8.68,0.0,44.3,80.6,18.93,0.3,1
16.6252,80.6128,2022-03-07,21.34,2.88,0.0,0.0,0.0,14.91,0.89,0
43.3197,-122.6816,2015-05-20,49.33,0.58,10.0,4.9,10.3,19.12,0.44,0
38.0145,-84.4953,2013-01-13 00:00:00,56.6,4.24,19.0,28.2,42.6,25.5,0.28,1
55.4021,-131.72,2014-10-13 16:30:00,73.92,8.62,12.0,18.0,67.3,22.76,0.19,1
28.219177,83.686001,2017-08-27,23.54,0.0,8.0,12.4,34.2,15.49,0.37,0
27.9783,84.8982,2012-08-15 00:00:00,55.44,5.75,16.0,1.6,13.7,25.79,0.45,1
53.0586,-3.0939,2013-05-15 08:45:00,28.72,1.29,7.0,29.5,37.3,21.74,0.17,1
-37.63770028,176.0447055,2017-04-06 13:19:00,63.42,1.22,13.0,0.0,171.9,32.63,0.28,1
55.7496,-2.1046,2008-12-06 00:00:00,60.1,7.83,20.0,0.4,14.6,33.69,0.26,1
37.4076,-81.7889,2015-03-03 23:00:00,57.31,5.96,16.0,2.6,12.1,22.72,0.36,1
32.99132221,75.19427899,2017-04-12 13:34:00,68.0,10.74,23.0,0.0,0.0,34.11,0.14,1
41.0321,-124.1109,2015-03-17,35.81,1.65,4.0,0.0,15.7,7.94,0.54,0
43.6187,-80.1432,2013-01-13 00:00:00,39.86,9.0,22.0,28.1,40.8,36.09,0.16,1
37.9478,-107.8548,2021-01-07,52.08,0.26,0.0,0.0,3.5,21.23,0.81,0
40.6268,-79.7383,2012-11-01 08:00:00,61.23,6.96,24.0,5.9,36.8,44.65,0.51,1
19.1331,-97.1317,2017-10-16,63.56,2.49,0.0,2.5,6.8,13.99,0.46,0
33.49573061,75.18134474,2023-12-11,13.4,1.26,7.0,0.0,0.0,9.42,0.6,0
27.9333,84.4167,2023-09-26,35.9,4.53,8.0,2.1,5.1000000000000005,17.91,0.28,0
10.8388,123.495,2012-01-10 15:50:00,61.02,2.92,14.0,15.3,30.0,37.48,0.07,1
42.95491382,44.21141438,2021-10-16,38.28,3.34,7.0,0.0,0.0,13.79,0.64,0
40.4278,-79.9321,2018-01-15,49.52,1.34,7.0,1.8,16.8,19.65,0.81,0
37.5534,-122.026,2012-11-30 00:00:00,76.54,3.64,22.0,40.1,53.4,16.91,0.35,1
39.88211093,-87.23175652,2022-04-09,66.2,2.37,1.0,2.1,6.1,19.68,0.69,0
51.6014,-3.3425,2012-12-27 00:00:00,53.8,5.91,14.0,3.7,12.2,47.5,0.08,1
40.48808507,-111.650935,2017-10-04,21.95,3.8,9.0,0.2,1.7,16.82,0.73,0
34.58916028,74.24641226,2017-04-18 14:28:00,59.72,0.35,10.0,0.0,0.0,26.4,0.33,1
4.5572,101.086,2021-07-12,28.08,0.0,4.0,5.7,40.9,12.27,0.42,0
-6.8907,107.6169,2013-03-25 08:00:00,66.84,6.24,14.0,27.6,68.0,19.54,0.45,1
22.3145,104.095,2013-09-05 00:00:00,84.62,11.83,7.0,31.5,62.5,33.02,0.25,1
34.10195138,-118.3671332,2017-01-30 19:27:00,69.1,2.6,3.0,0.0,0.0,18.27,0.36,1
35.519,-83.1598,2013-01-15 00:00:00,54.04,0.0,19.0,51.1,107.1,35.18,0.55,1
28.2924,83.871,2023-07-07,38.57,1.45,3.0,1.8,18.4,0.0,0.66,0
36.2585,-85.0777,2010-02-08 00:00:00,56.96,4.1,22.0,2.4,6.6,23.39,0.25,1
39.44991493,-80.17792076,2017-01-26 20:07:00,44.95,3.04,26.0,7.5,10.0,29.58,0.37,1
17.3165,-62.7955,2016-08-04 09:00:00,57.18,2.33,1.0,4.3,5.5,25.79,0.19,1
33.9823,73.796,2015-10-14,49.66,0.97,4.0,3.0,5.2,7.65,0.58,0
36.1736,74.3001,2023-10-28,37.76,1.2,5.0,0.0,0.0,20.17,0.19,0
6.8196,80.8448,2021-05-21,44.84,3.58,5.0,0.0,3.3,11.25,0.83,0
30.3629,79.2143,2017-02-22,32.45,1.22,3.0,0.3,9.6,14.75,0.81,0
14.9935,74.0478,2009-10-02 00:00:00,35.51,2.11,15.0,26.9,115.4,25.3,0.33,1
25.0097541,111.8176623,2022-12-14,19.33,2.43,2.0,0.0,0.0,16.15,0.6,0
14.1105,-87.2507,2015-09-28 00:00:00,32.75,7.79,13.0,13.3,33.1,11.39,0.49,1
39.101,-84.822,2007-12-08 00:00:00,70.98,4.18,10.0,5.9,8.3,30.59,0.47,1
31.673,76.5338,2023-06-15,39.98,0.88,6.0,0.0,4.3,24.43,0.68,0
14.6219,-90.5119,2015-09-27 00:00:00,50.24,8.97,3.0,13.9,44.4,32.77,0.35,1
27.44,92.2833,2023-02-10,43.59,0.0,13.0,26.3,84.2,10.54,0.46,0
28.9446,82.2494,2014-08-13 00:00:00,37.18,4.83,0.0,12.0,22.1,31.58,0.63,1
48.75324647,-118.1354978,2017-04-17,34.66,4.4,3.0,3.8,5.0,18.21,0.67,0
40.42020137,-79.82994351,2017-04-06 13:22:00,50.89,5.0,16.0,29.7,34.0,51.99,0.6,1
15.0771,-91.0096,2014-06-24 00:00:00,48.71,4.6,12.0,3.1,39.5,39.58,0.52,1
35.3368,-84.0317,2013-01-17 09:00:00,88.4,8.07,24.0,33.9,108.7,18.0,0.25,1
39.625,-106.4879,2019-03-23,21.64,2.52,3.0,2.8,6.3,5.96,0.33,0
24.2315,92.6755,2017-08-16,61.9,0.0,2.0,6.0,27.1,16.18,0.95,0
8.8313,105.2523,2016-02-01,22.02,1.84,0.0,0.0,0.1,8.44,0.55,0
35.519,-83.1598,2019-12-24,40.51,0.69,10.0,0.1,35.9,22.28,0.68,0
7.8953,123.8436,2008-02-21 00:00:00,50.37,8.88,18.0,8.9,60.4,27.34,0.3,1
33.9337,74.9985,2008-04-05 00:00:00,53.52,0.0,23.0,36.2,54.3,6.06,0.0,1
34.36345704,-119.4488081,2017-11-04,54.95,0.38,9.0,0.0,1.1,13.6,0.71,0
3.2294,101.711,2021-03-08,38.59,2.1,3.0,0.3,84.0,21.26,0.72,0
41.3596,41.68,2015-11-12 00:00:00,55.9,6.5,15.0,58.6,115.7,23.59,0.26,1
40.4324,-80.0073,2012-12-21 11:50:00,47.08,5.38,15.0,7.2,20.9,19.36,0.52,1
36.23,111.38,2022-03-12,54.15,1.2,0.0,12.0,12.0,7.15,0.5,0
33.9062,-116.8721,2010-02-25 06:45:00,48.12,6.3,22.0,0.0,0.0,15.68,0.46,1
29.5193,80.4687,2017-08-10,29.61,1.32,6.0,10.9,26.8,0.0,0.45,0
50.2413,-57.5843,2007-04-15 02:30:00,71.18,6.42,13.0,0.0,0.0,35.9,0.48,1
45.973789,-117.264604,2017-03-18 15:55:00,64.33,0.71,31.0,16.5,22.7,15.4,0.31,1
-42.84729726,171.5574912,2017-02-14,64.13,1.73,3.0,46.6,198.0,16.31,0.59,0
50.7181,-1.8649,2019-07-12,24.69,1.93,8.0,0.1,0.1,30.86,0.7,0
38.51175925,-122.1044658,2023-05-21,24.4,0.9,0.0,0.0,0.0,24.72,0.65,0
17.2634,73.5446,2019-11-07,39.96,1.18,0.0,0.4,5.699999999999999,19.09,0.29,0
35.0111,72.7056,2010-07-29 00:00:00,60.16,9.47,8.0,87.0,250.3,30.43,0.43,1
46.77115383,-114.353279,2017-02-21 17:34:00,78.7,4.05,12.0,9.2,18.5,30.12,0.48,1
43.98279054,-124.0540224,2019-02-16,23.16,3.65,4.0,16.3,46.3,10.73,0.42,0
11.398541,109.003601,2016-10-30 14:24:00,56.97,6.29,20.0,6.6,21.7,21.67,0.56,1
36.2744,74.7249,2010-09-15 00:00:00,68.44,0.93,18.0,0.5,10.0,27.67,0.44,1
40.325565,-80.60591,2016-12-01 14:24:00,39.85,2.03,7.0,0.7,18.0,23.07,0.0,1
38.8759,-104.9362,2020-03-02,46.37,1.74,6.0,2.6,10.4,9.04,0.58,0
44.1547,-93.9816,2019-01-25,37.9,2.03,5.0,0.1,0.4,5.23,0.31,0
35.5278,-83.0992,2018-05-13,35.55,0.4,0.0,0.0,4.4,7.67,0.7,0
24.33197035,91.8008536,2017-06-19 14:21:00,49.18,6.44,21.0,33.5,107.5,29.34,0.3,1
51.2995,-117.5212,2018-08-05,50.68,0.0,0.0,0.1,2.4,23.69,0.5,0
45.54554329,-122.7867427,2018-07-01,33.92,2.96,6.0,0.0,0.0,7.12,0.5,0
5.586158712,101.4730959,2021-10-23,32.5,3.59,0.0,1.6,11.1,1.53,0.35,0
35.1807,76.0557,2021-04-18,56.35,4.07,1.0,6.4,10.4,18.28,0.38,0
38.5313,-118.4526,2014-08-07 00:00:00,51.64,5.87,9.0,0.0,2.2,26.74,0.69,1
40.4252,-79.8071,2013-07-23 00:00:00,68.27,0.0,2.0,3.5,18.0,23.91,0.18,1
37.12103728,-113.5490905,2017-01-22 19:05:00,65.03,0.18,15.0,6.1,25.8,26.81,0.41,1
10.6468,122.2416,2011-08-27 00:00:00,64.14,8.72,18.0,31.7,76.9,41.92,0.41,1
20.6479,-156.0898,2017-08-12,25.28,0.62,8.0,8.5,24.700000000000003,16.02,0.46,0
40.4747,-79.9908,2015-09-09 00:00:00,99.84,2.48,3.0,0.8,0.8,16.94,0.38,1
40.6235,-111.7443,2017-02-21,38.12,1.56,0.0,13.0,17.3,15.06,0.57,0
28.089,84.4125,2008-08-30 00:00:00,56.25,7.95,17.0,2.3,72.9,25.15,0.22,1
38.163,-82.5052,2014-04-12 12:00:00,61.48,3.01,13.0,0.1,3.7,29.55,0.37,1
27.2667,85.9667,2017-04-18,33.74,0.05,0.0,0.1,0.2,1.31,0.59,0
38.6009,-77.2682,2007-03-02 23:00:00,67.18,6.58,25.0,17.7,20.8,21.83,0.12,1
15.234,108.4852,2007-11-05 00:00:00,71.23,9.87,11.0,14.4,251.1,21.07,0.5,1
9.9574,-84.0879,2015-10-29 00:00:00,74.45,6.99,27.0,1.1,31.0,36.03,0.46,1
4.2333,100.6333,2015-10-17,51.23,1.28,7.0,6.9,10.4,31.1,0.62,0
27.79532591,84.43283218,2016-01-21,11.17,1.35,6.0,0.9,6.699999999999999,0.19,0.54,0
5.0569,-75.5271,2017-08-11,47.98,0.91,6.0,25.6,62.1,9.51,0.83,0
48.75324647,-118.1354978,2017-04-14 13:34:00,48.24,1.7,22.0,3.6,28.0,23.65,0.56,1
40.0074,117.1703,2018-03-27,29.26,2.12,4.0,0.0,0.0,9.69,0.54,0
49.5622,-123.2317,2008-07-30 00:00:00,58.95,5.4,6.0,4.3,25.0,35.99,0.29,1
24.1293,92.6921,2021-05-22,44.62,2.41,4.0,3.6,6.8,0.0,0.54,0
49.3418,-123.0023,2014-12-07 09:00:00,67.86,6.11,12.0,0.6,35.0,21.91,0.32,1
58.2977,-134.4003,2009-11-14 00:00:00,37.24,0.0,36.0,47.4,94.5,13.81,0.49,1
6.0327,80.2174,2019-04-23,44.06,0.42,4.0,2.9,21.8,10.71,0.61,0
9.7789,-84.125,2007-10-09 00:00:00,63.62,6.74,13.0,127.9,258.8,35.68,0.38,1
10.50547001,105.3439054,2017-04-22 18:27:00,78.84,5.44,15.0,5.0,5.8,30.62,0.12,1
26.6582,107.9327,2013-02-18 11:00:00,65.36,3.33,22.0,8.2,12.6,28.54,0.1,1
33.908,73.9339,2020-12-15,34.69,0.0,8.0,1.0,2.4,16.44,0.67,0
44.7,18.31,2023-12-04,37.07,4.54,6.0,0.0,5.4,12.32,0.64,0
46.12337387,-115.597912,2017-03-18 20:58:00,44.46,6.38,16.0,28.5,44.3,24.85,0.12,1
27.4211,85.0249,2007-08-19 00:00:00,77.42,10.9,22.0,13.1,136.0,32.23,0.27,1
16.8333,121.1167,2007-09-29 00:00:00,45.5,3.65,21.0,28.9,31.0,21.82,0.33,1
10.0374,125.2172,2008-01-03 00:00:00,76.33,5.14,14.0,11.4,25.6,21.76,0.41,1
11.2965,-60.6312,2007-11-17 00:00:00,37.91,3.87,19.0,28.5,56.1,32.67,0.27,1
45.6047,-123.4845,2011-01-15 00:00:00,50.95,5.85,23.0,27.5,57.2,21.87,0.36,1
37.61662149,-122.4852077,2017-01-09 19:12:00,66.34,4.32,23.0,8.2,68.5,33.52,0.39,1
57.2276,-2.2608,2015-01-17,9.06,0.0,4.0,0.0,5.9,29.0,0.47,0
-21.306243,165.453367,2019-10-28,51.12,3.26,0.0,0.5,0.7,3.64,0.66,0
36.2204,-81.4311,2018-09-17,45.23,2.96,7.0,22.9,142.4,10.12,0.65,0
0.744821843,120.5927163,2017-06-13 13:27:00,65.23,6.0,11.0,4.4,14.5,10.24,0.48,1
24.7543,93.5039,2010-06-07 00:00:00,74.86,0.0,8.0,10.2,21.7,23.44,0.54,1
37.18069623,-122.2144316,2017-01-04 14:48:00,73.34,4.71,11.0,40.0,75.1,28.97,0.15,1
27.3414,86.7506,2013-09-12 23:00:00,80.02,2.23,7.0,5.8,36.4,31.68,0.21,1
37.8024,-81.9312,2023-11-06,36.49,0.95,6.0,0.0,0.0,20.54,0.63,0
3.0039,101.5769,2019-06-20,29.59,0.32,2.0,4.2,9.1,14.39,0.56,0
16.6319,120.8333,2015-02-06,31.01,3.05,6.0,8.7,15.2,16.52,0.25,0
34.2219,-118.2286,2017-09-17,27.31,3.65,7.0,0.5,0.5,31.52,0.32,0
48.62466012,-118.0724637,2022-11-22,34.07,0.67,2.0,7.1,7.1,15.14,0.6,0
38.5035,43.3948,2017-01-10,33.23,2.4,5.0,1.3,1.3,8.26,0.43,0
35.7885,-92.9331,2021-09-13,52.87,0.0,6.0,1.1,1.1,21.35,0.65,0
37.890359,-121.871398,2018-11-15,38.69,1.71,2.0,0.0,0.0,28.12,0.42,0
33.3,-116.9135,2008-11-26 00:00:00,64.14,7.85,26.0,34.1,35.7,15.41,0.35,1
26.1044,91.7082,2019-02-04,46.1,0.69,1.0,0.0,0.0,4.78,0.35,0
48.26414063,-121.8777699,2017-04-07 13:34:00,70.6,9.21,22.0,23.0,50.3,25.23,0.42,1
27.4489,104.8748,2017-03-15,32.18,1.78,12.0,1.2,3.0,11.11,0.57,0
49.9537,-123.3589,2014-06-29 05:00:00,58.88,4.76,13.0,5.9,34.1,33.86,0.27,1
6.817009,11.240935,2016-11-07 15:00:00,29.28,1.91,10.0,0.0,0.0,33.83,0.51,1
53.0586,-3.0939,2017-09-19,27.36,2.52,9.0,0.7,5.2,16.63,0.56,0
24.5784,91.7227,2020-01-16,28.15,1.46,14.0,0.0,0.0,16.99,0.76,0
-9.2965,-77.6613,2008-04-11 00:00:00,52.27,4.99,14.0,8.7,26.6,17.48,0.29,1
34.896813,-118.921159,2018-03-04,35.74,0.24,0.0,0.0,22.0,15.36,0.61,0
37.7663,-80.4306,2017-12-11,50.36,1.36,6.0,0.0,2.8,21.72,0.5,0
41.8907,44.7519,2010-04-25 00:00:00,68.52,6.83,14.0,2.8,47.6,22.92,0.37,1
13.7484,-84.778,2015-07-23 00:00:00,69.05,6.67,10.0,15.3,23.9,31.69,0.3,1
-35.047,173.7463,2023-06-07,56.81,0.64,6.0,0.2,7.2,21.09,0.45,0
35.55938329,-118.5872534,2020-04-19,47.18,0.33,2.0,0.0,7.0,12.44,0.45,0
22.2106,-159.4773,2016-08-06 09:00:00,19.88,8.41,18.0,1.4,4.2,15.71,0.44,1
43.7638,-91.9607,2016-03-13,40.09,0.0,3.0,5.8,5.8,18.9,0.28,0
40.7118,-111.798,2009-04-15 09:00:00,39.73,5.74,4.0,11.8,20.9,36.35,0.2,1
17.3895,78.499,2007-08-13 00:00:00,77.47,7.32,11.0,0.0,10.2,20.18,0.29,1
22.3704,103.2816,2015-01-10,24.77,0.0,4.0,18.5,53.6,21.93,0.74,0
32.5625,107.45,2018-07-14,23.17,1.47,4.0,8.5,22.0,16.9,0.56,0
44.1547,-93.9816,2014-06-18 00:00:00,71.75,3.5,14.0,17.2,53.8,14.04,0.3,1
40.6850016,-122.042456,2017-01-10 20:35:00,89.38,3.98,22.0,37.2,193.0,30.66,0.48,1
50.36554226,-121.2386985,2021-06-07,46.28,2.74,1.0,0.5,7.5,20.59,0.66,0
47.9536,-122.2842,2016-08-27,27.37,3.31,1.0,0.0,0.0,13.44,0.71,0
17.7055,-91.7416,2015-10-21 00:00:00,47.43,0.3,9.0,30.6,83.7,20.15,0.39,1
3.4856,-76.6104,2018-01-11,34.99,0.71,2.0,3.3,49.8,26.39,0.6,0
45.6993,-121.895,2007-02-15 00:00:00,63.67,4.89,6.0,46.9,63.5,33.22,0.21,1
41.75,45.7167,2020-12-24,48.04,0.0,4.0,0.5,4.9,15.31,0.56,0
27.703,85.3183,2011-07-21 00:00:00,81.85,5.68,0.0,10.4,76.5,8.69,0.56,1
39.7245,-91.3681,2016-01-02,28.12,1.53,12.0,0.0,0.0,23.54,0.51,0
49.6302922,-117.5373036,2017-05-09 13:28:00,52.89,6.79,15.0,0.0,0.6000000000000001,20.3,0.35,1
33.9334,105.2333,2007-05-25 00:00:00,54.07,3.37,11.0,0.2,18.3,23.66,0.26,1
39.0447,-84.5289,2016-03-27,26.32,1.66,5.0,9.4,9.4,18.7,0.69,0
38.376,-120.5597,2016-03-06 00:00:00,52.87,7.37,14.0,44.9,120.3,24.73,0.17,1
49.14619326,-116.7619053,2017-03-17 14:24:00,67.63,9.27,12.0,4.6,18.4,26.95,0.08,1
40.8478,-73.6527,2014-05-01 02:15:00,62.83,9.71,15.0,11.1,47.9,34.04,0.55,1
3.215342,113.42223,2016-04-26,15.92,2.27,0.0,11.0,21.3,0.0,0.52,0
40.4613,-106.8295,2007-09-06 00:00:00,51.09,0.0,24.0,12.9,18.6,13.82,0.38,1
-44.3025,169.1339,2020-01-21,39.01,0.75,0.0,0.0,0.0,28.25,0.63,0
25.132228,93.04681,2015-11-24,35.53,0.0,3.0,0.0,0.0,10.91,0.55,0
-0.8021,100.6444,2021-07-14,43.86,2.12,2.0,0.0,15.5,30.88,0.79,0
16.8256,121.1444,2011-07-27 18:00:00,50.37,2.16,15.0,73.2,81.2,35.55,0.5,1
33.33875958,75.1921061,2021-02-25,31.02,2.44,1.0,1.0,1.3,15.66,0.76,0
-41.32446098,174.7660073,2021-05-22,68.72,0.0,3.0,0.0,0.1,22.32,0.47,0
9.3147,-79.7975,2021-05-07,46.45,1.75,1.0,22.3,56.1,12.01,0.3,0
25.6269,94.1139,2013-07-15 00:00:00,30.61,7.0,21.0,12.0,37.0,16.21,0.41,1
48.130894,-116.479598,2021-07-17,62.91,0.41,4.0,0.0,0.0,28.94,0.37,0
-8.279864546,115.0920102,2023-04-21,74.25,2.05,6.0,5.1,9.3,27.3,0.81,0
40.3875,-79.7569,2007-12-16 00:00:00,62.3,6.6,9.0,12.6,16.6,29.56,0.37,1
27.737,84.6073,2014-08-14 00:00:00,70.0,0.58,23.0,202.3,362.0,31.88,0.54,1
5.0569,-75.5271,2011-03-28 00:00:00,78.98,5.48,19.0,44.6,169.1,24.68,0.51,1
35.5898,-83.373,2020-09-08,33.41,1.44,0.0,0.0,0.0,16.22,0.32,0
12.8836,120.9877,2017-03-10,59.97,0.17,0.0,0.0,0.0,18.78,0.39,0
-41.3233,174.7681,2020-01-15,22.38,0.0,5.0,0.0,6.8,19.43,0.67,0
10.4741,-73.8715,2021-06-16,64.65,2.85,3.0,0.8,6.5,6.12,0.29,0
23.4535,120.4256,2007-06-24 00:00:00,59.22,4.3,22.0,6.2,27.6,24.0,0.35,1
50.73336291,-1.646321046,2017-05-10 13:28:00,40.46,7.72,10.0,0.0,0.0,22.35,0.35,1
-37.63770028,176.0447055,2015-02-10,31.89,0.55,3.0,0.0,0.6,15.61,0.67,0
6.0366,7.0888,2012-06-15 00:00:00,60.35,6.29,9.0,4.4,20.6,28.64,0.51,1
40.635137,-122.7339156,2017-01-22 20:21:00,60.81,6.77,23.0,38.5,98.4,44.4,0.41,1
34.162,-118.05,2018-03-22,30.04,0.0,0.0,37.4,39.3,25.95,0.4,0
14.6893,-88.8098,2021-05-27,19.45,0.48,4.0,3.2,14.2,7.74,0.74,0
26.92110789,103.2768718,2018-03-04,38.22,2.69,8.0,0.0,0.0,10.73,0.7,0
37.01337021,-121.6503544,2017-01-09 15:19:00,50.76,1.91,23.0,15.8,75.3,27.55,0.31,1
-1.1161,35.8736,2015-05-05,26.88,2.15,3.0,0.8,0.8,10.99,0.66,0
10.33602912,123.8359355,2016-07-05,39.48,0.8,10.0,8.5,25.200000000000003,11.39,0.47,0
34.6998,-82.8804,2022-09-13,20.15,0.0,6.0,0.0,2.1,12.69,0.71,0
14.6167,-90.6097,2015-09-27 00:00:00,95.43,5.01,14.0,13.9,44.4,21.13,0.13,1
44.871,-122.6445,2018-10-26,27.75,1.27,1.0,26.2,28.6,18.39,0.45,0
34.09901731,-116.9345475,2016-08-02,20.39,1.15,3.0,0.0,0.0,16.97,0.7,0
37.8595,-122.5012,2022-10-03,69.38,1.84,0.0,0.0,0.0,15.33,0.67,0
40.5330488,-80.20389276,2023-02-27,53.35,2.16,0.0,15.1,15.1,7.41,0.55,0
14.4758,-90.5312,2023-07-09,28.87,2.94,10.0,10.3,31.3,16.85,0.51,0
33.023,-117.105,2018-11-18,54.06,0.0,1.0,0.0,0.0,12.8,0.6,0
0.4406,35.7774,2017-12-10,18.47,1.92,6.0,0.0,0.3,15.23,0.33,0
-40.9324,145.6201,2016-07-15 00:00:00,63.16,3.13,2.0,0.0,4.2,25.19,0.63,1
17.91,-92.8956,2017-02-10,36.37,0.0,4.0,0.1,0.1,8.37,0.59,0
42.899,-124.0854,2012-12-02 00:00:00,36.47,8.11,14.0,29.4,88.7,32.31,0.31,1
9.9402,-84.0771,2015-09-25 00:00:00,68.54,0.0,6.0,21.3,79.3,11.67,0.49,1
26.8712,88.3052,2010-07-04 00:00:00,36.3,4.56,15.0,9.6,100.1,27.02,0.35,1
47.9196,-122.315,2022-08-02,23.45,3.01,0.0,0.0,0.9,20.91,0.47,0
39.66993303,71.99993036,2017-01-04 19:12:00,46.3,4.76,9.0,4.8,14.7,29.53,0.36,1
8.907,-82.1867,2018-03-09,5.0,0.0,8.0,7.7,19.0,19.96,0.51,0
31.10312666,77.20355516,2017-09-02 15:08:00,74.68,7.63,13.0,9.6,42.3,32.12,0.31,1
33.798,74.2562,2018-04-18,38.12,1.45,0.0,5.2,29.3,12.96,0.62,0
36.8242,-119.7847,2015-04-27,26.9,2.12,4.0,0.0,10.7,18.3,0.57,0
18.5369,-96.8229,2016-06-02,22.56,2.43,8.0,0.1,3.1,14.58,0.46,0
37.4947,70.4417,2008-04-25 00:00:00,44.12,8.12,26.0,1.3,10.4,23.44,0.28,1
35.42801327,-120.7765753,2017-01-06 18:08:00,53.13,6.69,13.0,0.5,51.2,31.75,0.38,1
40.4905,-111.7377,2019-11-23,14.82,0.0,0.0,0.0,4.3,8.23,0.27,0
37.14797807,-122.0876958,2021-07-25,22.56,0.0,5.0,0.0,0.0,15.69,0.6,0
33.8763,-117.6602,2022-01-20,48.36,0.92,3.0,0.0,1.0,9.4,0.33,0
51.3681,-0.4367,2007-07-05 00:00:00,57.14,4.47,23.0,4.2,14.6,26.52,0.35,1
3.185,101.7673,2008-04-23 07:30:00,45.46,4.33,15.0,9.5,39.1,47.52,0.56,1
35.7279,-106.715,2008-08-04 00:00:00,88.27,5.22,6.0,0.2,2.3000000000000003,15.36,0.45,1
39.99062776,-120.9446006,2015-07-13,36.12,2.38,8.0,0.0,0.6,15.1,0.59,0
-9.938,33.4318,2023-09-24,46.01,2.03,6.0,0.0,0.0,15.7,0.66,0
7.2558,80.3019,2010-04-29 00:00:00,68.82,3.89,35.0,6.0,17.1,26.39,0.43,1
46.9959,-123.8975,2017-05-25,53.77,2.41,3.0,0.0,0.8,6.39,0.7,0
51.67903013,-2.023652165,2023-03-21,56.06,0.0,2.0,2.5,6.4,13.99,0.36,0
37.785693,-82.801658,2022-10-06,57.5,1.39,0.0,0.0,0.0,28.69,0.52,0
28.0583,82.402,2013-07-14 00:00:00,74.96,4.54,20.0,11.4,20.3,34.17,0.4,1
26.1868,91.6739,2015-09-01 00:00:00,80.49,0.18,7.0,35.3,132.0,33.91,0.21,1
33.33875958,75.1921061,2011-02-13 00:00:00,66.83,3.91,18.0,42.4,50.3,37.35,0.42,1
30.3351,78.5113,2018-08-10,38.87,3.8,6.0,7.8,14.2,0.98,0.43,0
42.0291,43.5285,2023-05-07,43.79,0.0,0.0,0.0,0.0,29.89,0.71,0
4.8525,100.7943,2007-08-25 00:00:00,49.5,11.98,2.0,6.7,16.1,30.86,0.46,1
33.01346369,74.93530189,2017-06-30 13:20:00,84.52,4.02,15.0,118.9,160.20000000000002,22.16,0.52,1
47.267,-122.2625,2020-12-07,53.43,1.86,8.0,0.0,1.4,16.56,0.59,0
-7.711258905,110.0557389,2020-09-07,28.53,0.13,0.0,4.4,5.0,8.67,0.38,0
28.278,84.35,2020-06-07,39.84,0.85,7.0,5.6,58.3,9.13,0.7,0
36.21630141,73.29837013,2020-07-27,44.61,4.15,7.0,0.4,2.7,0.0,0.65,0
22.3496,91.8138,2016-03-15,41.49,1.24,3.0,0.0,0.0,12.26,0.72,0
-13.4862,-71.7832,2016-03-01,34.4,3.61,0.0,3.4,21.0,16.25,0.75,0
39.838,-80.6061,2015-03-05 23:00:00,35.39,1.44,35.0,14.4,61.0,43.51,0.42,1
47.67463292,-117.226052,2017-06-01 13:34:00,52.45,8.73,21.0,0.5,3.2,28.91,0.63,1
30.4091,79.0579,2015-01-27,50.23,0.86,9.0,3.4,6.5,6.01,0.52,0
30.2828,78.3041,2011-08-10 00:00:00,60.55,11.15,15.0,34.2,60.400000000000006,24.6,0.29,1
10.3114,123.9013,2008-06-06 00:00:00,87.92,3.25,16.0,1.9,19.9,30.52,0.36,1
14.3898,-87.7654,2010-10-03 13:00:00,69.8,4.13,14.0,0.5,4.7,20.93,0.3,1
38.8758,-121.1358,2015-08-06,53.43,2.18,4.0,0.0,0.1,13.33,0.47,0
58.5909,6.3231,2011-01-17 00:00:00,80.75,1.41,20.0,2.6,41.4,19.78,0.33,1
5.390276,102.064002,2017-01-01 13:57:00,56.78,4.8,20.0,16.8,58.900000000000006,29.11,0.49,1
49.726406,-116.911834,2018-03-10,19.26,0.39,4.0,0.0,18.8,13.21,0.5,0
7.2195,125.465,2021-06-06,36.16,0.0,11.0,14.5,27.9,16.08,0.5,0
40.7477,13.913,2020-12-20,23.88,2.15,8.0,0.0,0.0,11.69,0.46,0
-18.1347,178.4267,2016-10-09 23:00:00,64.69,4.28,11.0,8.8,14.6,28.41,0.35,1
47.7346,-122.2851,2017-05-11,61.08,1.25,2.0,7.7,7.8,24.72,0.46,0
12.75,124.033,2007-10-17 00:00:00,72.03,4.01,2.0,4.1,7.399999999999999,25.35,0.21,1
38.49,-122.1605,2012-12-22 09:00:00,45.36,5.38,15.0,22.4,56.8,32.9,0.47,1
56.1997,-4.823,2007-10-28 00:00:00,78.62,11.65,17.0,28.3,53.6,29.19,0.37,1
28.2265,82.553,2013-06-18 00:00:00,56.57,1.95,10.0,119.0,183.2,29.39,0.18,1
17.7297,100.6846,2023-08-24,23.18,0.0,5.0,3.0,15.8,22.54,0.55,0
44.041,-123.8748,2017-02-07,17.94,0.94,12.0,7.4,99.4,20.95,0.46,0
39.6492,-106.5372,2011-07-19 00:00:00,63.64,3.21,0.0,0.4,0.6000000000000001,38.54,0.43,1
31.5158,78.2619,2010-10-14 19:30:00,60.21,5.56,27.0,0.0,0.1,18.3,0.19,1
0.4671,35.5333,2012-12-29 13:00:00,41.79,5.44,29.0,8.6,16.3,17.26,0.14,1
47.418594,-122.347205,2021-11-03,21.7,0.25,0.0,9.8,24.1,5.69,0.26,0
41.7497,-77.299,2016-10-16,54.76,0.77,2.0,2.0,2.0,19.41,0.53,0
40.6235,-111.7443,2009-04-14 23:00:00,59.73,6.75,26.0,8.5,10.8,35.53,0.3,1
13.5807,-86.9101,2015-07-23,28.26,2.86,10.0,0.7,0.8999999999999999,17.33,0.54,0
10.6468,122.2416,2019-10-17,58.57,2.27,0.0,1.1,2.5,12.83,0.72,0
-7.542442,110.446035,2023-09-26,62.98,0.69,5.0,1.4,9.2,14.32,0.77,0
21.2228,104.0836,2013-09-05 00:00:00,63.05,8.14,14.0,76.5,108.8,23.28,0.27,1
21.8411,106.6741,2022-06-22,50.04,0.0,3.0,0.4,0.4,7.25,0.5,0
3.0965,101.657,2010-05-31 21:00:00,50.36,9.33,19.0,16.0,44.4,35.43,0.26,1
45.4966,-123.677,2023-02-18,5.33,1.55,7.0,3.6,5.7,10.0,0.32,0
5.3,5.8167,2022-01-13,34.71,1.9,1.0,7.8,11.5,8.38,0.43,0
44.0304,-92.4671,2007-08-18 00:00:00,76.33,0.93,11.0,42.2,42.2,29.82,0.61,1
6.5368,124.5618,2021-12-09,46.98,2.19,11.0,0.7,1.6,13.54,0.69,0
-33.8234,151.0075,2013-06-30 17:50:00,80.6,6.07,26.0,1.5,28.8,18.01,0.6,1
40.866917,-123.034161,2017-03-07 16:30:00,44.57,5.6,6.0,12.9,36.8,29.72,0.24,1
45.5113,-122.7069,2018-06-04,57.02,3.35,5.0,0.0,0.0,29.39,0.47,0
7.7299,125.0989,2011-07-16 20:00:00,43.75,7.39,18.0,13.2,35.6,28.28,0.32,1
28.8665,79.5682,2011-08-12 00:00:00,68.52,5.83,18.0,11.5,53.4,23.61,0.61,1
9.9271,-84.4568,2010-07-30 09:30:00,66.28,2.97,18.0,8.2,31.8,18.5,0.23,1
30.5279,-87.9085,2023-06-22,6.55,0.0,3.0,3.8,12.0,19.32,0.25,0
45.3226,-73.7771,2007-04-14 00:00:00,62.79,5.62,5.0,0.0,21.7,29.05,0.47,1
45.49,-75.7628,2016-04-23,42.92,2.66,4.0,0.0,9.4,22.5,0.64,0
23.1781,105.5054,2015-11-18,11.35,1.58,9.0,0.1,0.3,23.39,0.67,0
35.42818822,-120.7711518,2019-09-20,20.9,2.02,7.0,0.0,0.0,22.71,0.61,0
26.1044,91.7082,2014-09-22 00:00:00,87.35,4.07,20.0,37.1,140.8,27.99,0.07,1
28.27909521,83.00633062,2023-04-24,21.16,2.15,3.0,2.7,3.3000000000000003,22.31,0.68,0
9.2903,123.26,2022-03-28,35.84,2.21,2.0,13.1,41.6,15.41,0.53,0
14.4882,121.3088,2007-11-23 00:00:00,23.37,6.4,20.0,0.0,41.0,48.44,0.33,1
30.9206,78.3276,2021-03-18,32.44,0.0,3.0,0.1,1.5,14.98,0.59,0
60.4279,9.398,2007-07-03 00:00:00,30.2,1.3,21.0,44.6,50.9,32.67,0.7,1
44.146,-71.9677,2023-05-04,15.43,4.14,5.0,0.3,12.9,11.94,0.25,0
36.411747,-81.48218355,2022-07-19,5.0,3.24,6.0,0.0,10.7,22.55,0.68,0
7.159883,80.562102,2015-11-10,32.44,0.82,0.0,1.8,28.8,21.42,0.6,0
45.51457205,-122.7012766,2017-02-07 18:52:00,50.06,8.47,8.0,2.4,62.8,38.21,0.29,1
35.44377033,73.98356806,2023-01-22,37.1,0.11,7.0,3.7,6.0,13.13,0.67,0
26.0462,68.2767,2016-07-06,19.33,0.0,0.0,0.0,0.0,4.53,0.64,0
14.2801,-87.9369,2021-07-20,46.68,5.39,5.0,14.7,18.0,12.5,0.7,0
42.7404,-73.6385,2008-03-09 00:00:00,50.36,6.95,0.0,0.0,39.1,24.55,0.45,1
3.185,101.7673,2015-10-12,26.51,0.25,0.0,6.8,14.8,18.84,0.65,0
37.5513,-83.3614,2015-09-28 12:00:00,69.87,4.16,31.0,0.5,15.5,24.26,0.5,1
28.8254,96.1509,2021-07-05,77.48,1.67,10.0,10.0,54.9,8.71,0.77,0
4.193408,114.04228,2023-09-15,42.1,3.61,3.0,0.2,10.2,0.0,0.48,0
26.8727,94.9275,2013-08-16 00:00:00,55.01,7.91,25.0,16.4,56.2,21.93,0.65,1
37.8595,-122.5012,2014-12-21 02:00:00,62.62,1.59,29.0,0.1,18.4,31.86,0.34,1
33.25383574,-117.1540032,2017-02-27 20:52:00,44.94,1.04,20.0,66.7,68.9,40.58,0.27,1
34.15214903,-117.9412065,2015-12-15,51.06,2.39,8.0,0.0,6.5,13.65,0.42,0
27.3258,86.087,2007-09-03 00:00:00,51.06,2.3,25.0,8.5,40.9,31.52,0.59,1
-41.5877,175.2362,2008-05-09 00:00:00,45.05,5.34,23.0,4.8,4.8,30.41,0.34,1
26.1833,91.8,2007-09-13 00:00:00,50.56,2.0,23.0,6.7,11.9,24.87,0.51,1
25.7428,93.9136,2007-08-28 00:00:00,39.09,6.55,22.0,15.0,117.1,30.79,0.51,1
49.0022,-122.7576,2011-03-31 00:30:00,51.22,6.12,15.0,14.2,46.9,30.18,0.3,1
37.11199036,-121.9757197,2019-09-07,43.18,1.17,7.0,0.0,0.0,16.43,0.65,0
6.358246,-75.499849,2016-10-26 14:24:00,63.79,5.87,16.0,8.3,41.5,37.61,0.6,1
25.0333,98.4667,2007-07-19 00:00:00,55.46,1.43,16.0,60.5,97.3,35.86,0.33,1
15.2422,-92.0738,2021-12-19,5.0,1.57,4.0,0.0,1.1,22.06,0.62,0
30.7007,77.8644,2016-05-23 01:00:00,50.86,0.24,10.0,20.1,20.1,24.19,0.23,1
24.0896,91.4663,2013-05-08 00:00:00,80.58,5.58,8.0,57.9,174.7,27.33,0.17,1
40.4239,-80.0181,2016-03-27,33.21,0.61,2.0,0.0,5.4,14.83,0.81,0
14.4236,-90.4792,2015-06-06 00:00:00,68.06,5.6,7.0,28.1,73.0,28.49,0.43,1
40.4372,-80.0813,2023-09-17,61.51,2.27,3.0,3.4,3.4,11.73,0.53,0
32.5755,-116.9016,2016-07-16,21.78,1.97,11.0,0.0,0.0,0.0,0.55,0
37.38644301,-122.2620793,2022-06-09,13.78,0.0,5.0,0.0,0.0,21.55,0.61,0
39.096,-84.2992,2008-03-16 00:00:00,75.37,4.59,22.0,0.0,11.8,25.05,0.26,1
-35.8166324,173.7165281,2017-02-17 20:04:00,44.01,6.05,16.0,10.3,78.1,23.08,0.35,1
49.3,-123.1341,2007-12-03 10:00:00,78.37,3.2,20.0,82.3,117.7,24.6,0.29,1
-16.9135,145.7231,2021-02-20,41.16,1.79,6.0,14.8,151.20000000000002,17.02,0.57,0
40.4613,-106.8295,2017-07-07,31.35,2.07,0.0,0.0,0.5,11.9,0.61,0
33.9861,73.8369,2023-04-18,53.58,0.0,5.0,24.5,37.9,19.34,0.55,0
32.8464,-117.2619,2008-01-28 19:30:00,60.66,1.56,7.0,9.9,34.0,13.99,0.45,1
16.36626096,120.6312641,2017-05-24 20:14:00,74.58,3.99,27.0,11.1,42.2,39.22,0.22,1
34.453,-119.653,2021-04-26,5.0,0.5,13.0,0.3,1.8,15.18,0.06,0
40.78356656,73.60000632,2017-04-16 13:34:00,65.01,2.15,13.0,0.0,0.0,27.24,0.33,1
47.325353,-122.368876,2017-03-16 14:10:00,62.89,6.21,8.0,1.2,36.6,24.8,0.22,1
28.145796,84.069015,2020-09-28,27.01,0.0,0.0,0.1,49.6,9.11,0.4,0
13.6891,-89.2361,2014-10-12 00:00:00,68.44,9.24,18.0,13.0,26.7,30.68,0.31,1
42.9651,-123.8152,2011-02-20 00:00:00,31.75,6.71,31.0,2.0,8.1,23.9,0.39,1
25.1333,93.9667,2019-03-18,18.9,2.88,1.0,0.2,2.1,1.66,0.36,0
45.713,-122.7251,2022-11-02,39.31,2.1,6.0,8.0,40.2,14.55,0.45,0
10.1118,-83.9793,2011-05-08 23:00:00,82.88,6.55,23.0,13.6,21.4,27.05,0.59,1
39.2376,-8.6859,2022-11-25,39.76,0.0,0.0,0.0,6.1,31.39,0.47,0
34.4275,-119.092,2010-12-31 18:00:00,63.38,8.29,10.0,0.0,15.2,33.13,0.37,1
-16.6037,179.0421,2012-01-22 00:00:00,95.62,6.8,0.0,62.4,97.5,24.27,0.49,1
7.1733,124.2185,2020-01-13,5.0,0.17,0.0,0.7,7.699999999999999,17.38,0.24,0
33.6917,76.0412,2018-12-18,39.21,0.99,8.0,0.0,0.0,20.0,0.92,0
37.4814,-82.5186,2007-04-20 00:00:00,100.0,8.49,27.0,0.0,11.9,32.29,0.41,1
40.4041,-79.7822,2022-08-01,26.64,2.11,2.0,3.7,7.8,6.64,0.7,0
4.8525,100.7943,2023-02-23,51.79,3.75,8.0,1.3,22.9,10.34,1.0,0
37.6954,-119.7269,2020-03-02,46.18,2.22,6.0,0.0,12.0,8.87,0.79,0
16.9648,73.5189,2021-02-05,33.08,1.85,1.0,0.0,0.0,20.73,0.49,0
45.4701,-122.6587,2016-10-15 18:08:00,45.79,7.62,13.0,26.5,109.8,29.68,0.26,1
10.329,123.888,2021-11-26,36.79,2.91,0.0,31.5,60.3,17.86,0.81,0
15.15,74.11,2016-01-21,50.04,2.59,8.0,0.0,0.0,19.89,0.61,0
35.1368,-118.4948,2007-10-30 00:00:00,55.4,4.08,17.0,0.1,0.2,27.46,0.3,1
42.8214,47.1188,2019-03-03,51.97,1.76,7.0,3.7,4.4,18.9,0.58,0
37.02829013,-122.216077,2017-02-21 17:55:00,59.1,5.8,16.0,22.7,124.1,43.13,0.33,1
19.2675,104.8433,2018-06-26,40.51,0.66,13.0,16.7,25.4,19.83,0.52,0
40.635,-91.284,2010-03-14 00:00:00,39.38,10.77,17.0,0.0,26.2,28.87,0.41,1
-18.115639,178.36266,2016-12-16 14:22:00,47.92,8.37,26.0,44.8,111.4,31.92,0.32,1
35.31194721,76.31257094,2011-07-31 00:00:00,77.2,0.0,7.0,2.0,10.1,8.85,0.46,1
30.7292,78.4396,2016-02-24,22.21,2.31,0.0,0.7,2.5,20.02,0.46,0
9.7789,-84.125,2019-04-07,7.85,0.66,0.0,12.0,35.5,23.54,0.48,0
51.0552,-0.845,2013-12-24 00:00:00,45.01,4.43,20.0,20.1,40.9,33.08,0.4,1
51.41495704,-117.4693413,2017-05-10 13:28:00,39.37,7.12,0.0,1.6,1.9,26.6,0.28,1
39.978954,70.56256,2019-09-01,24.66,3.51,8.0,0.0,0.0,0.86,0.45,0
39.9243,-111.5443,2021-09-16,60.74,0.05,0.0,0.0,0.0,0.0,0.26,0
45.915562,-122.740865,2017-03-31 12:57:00,47.64,4.66,5.0,0.0,20.8,20.18,0.3,1
32.7862,-116.8526,2014-12-03 00:00:00,62.01,0.66,12.0,8.8,12.1,14.86,0.3,1
40.4301,-80.0017,2014-05-13 09:30:00,37.28,11.94,8.0,2.0,11.2,30.15,0.31,1
42.0124,20.9482,2015-08-03 00:00:00,80.67,0.21,13.0,12.1,20.6,25.52,0.56,1
33.2451,75.2257,2007-08-06 00:00:00,79.85,2.85,11.0,7.0,10.7,31.14,0.55,1
40.1129,-123.7984,2012-03-20 09:00:00,45.33,0.0,16.0,1.7,3.4,15.48,0.23,1
2.6752,-75.6447,2021-03-14,34.93,0.68,8.0,5.9,37.9,6.57,0.57,0
-16.4724,168.2362,2013-10-24 00:00:00,46.66,7.29,0.0,46.0,118.7,34.72,0.3,1
39.30552057,-119.9142097,2017-12-21,44.75,0.75,0.0,0.0,5.8,24.87,0.38,0
30.6738,77.3544,2013-06-16 00:00:00,79.52,8.67,18.0,74.9,96.5,28.56,0.28,1
38.395,-81.5871,2015-03-04 00:00:00,37.91,5.48,5.0,41.8,53.4,17.41,0.29,1
34.91321927,72.75163388,2017-08-19,42.56,0.0,1.0,2.8,2.8,21.98,0.82,0
45.2729,-122.6717,2007-10-18 00:00:00,41.68,6.18,18.0,10.4,24.4,34.98,0.44,1
14.5854,121.0709,2012-10-25 00:00:00,66.02,4.67,13.0,36.6,40.9,21.4,0.56,1
9.2279,-82.3808,2015-05-24 23:30:00,66.66,7.22,24.0,7.9,21.700000000000003,17.62,0.6,1
38.4006,-81.6171,2013-07-12 00:00:00,74.0,6.95,7.0,4.6,22.0,25.42,0.48,1
24.9936,98.4927,2014-07-10 05:00:00,59.68,5.22,5.0,10.1,17.8,29.34,0.67,1
51.3255,-2.9339,2012-11-21 18:00:00,56.89,4.48,9.0,35.5,53.4,35.12,0.0,1
27.90362599,85.91050294,2017-07-02 19:39:00,72.5,1.0,5.0,17.8,68.8,32.74,0.33,1
44.12206433,-122.4124263,2017-04-27 13:17:00,64.3,3.29,8.0,9.9,50.5,32.53,0.48,1
28.2668,103.5681,2007-05-27 00:00:00,81.53,6.72,11.0,0.0,0.0,38.62,0.48,1
21.61900923,91.92597729,2018-12-18,50.82,0.19,5.0,6.9,6.9,21.36,0.52,0
47.2185,8.8888,2013-06-02 09:00:00,66.39,2.46,16.0,21.2,131.70000000000002,21.96,0.68,1
38.498,-106.08,2008-08-23 00:00:00,86.93,6.37,0.0,5.4,5.4,22.0,0.46,1
-2.5325,140.7117,2013-01-24 00:00:00,60.65,6.38,27.0,15.9,58.3,17.46,0.26,1
16.4357,120.5763,2018-11-12,41.95,0.87,0.0,0.1,0.1,5.35,0.56,0
51.7579283,-3.795446854,2017-03-01 21:51:00,82.05,6.88,14.0,6.9,26.3,36.46,0.26,1
38.1935,-81.3669,2015-03-04 21:00:00,58.03,4.38,27.0,35.4,45.6,30.7,0.45,1
34.0869,-119.0604,2015-02-04,63.18,0.0,6.0,0.0,0.0,5.01,0.61,0
45.7153,-121.6406,2020-02-04,38.93,0.33,8.0,3.6,4.9,15.93,0.57,0
35.7508,68.8479,2019-02-05,44.07,1.06,5.0,16.1,18.4,14.05,0.7,0
24.75,93.4333,2007-10-21 00:00:00,58.5,10.55,5.0,1.4,17.400000000000002,25.98,0.35,1
25.69111465,94.09483333,2017-07-12 13:28:00,63.56,2.75,10.0,15.4,137.4,32.75,0.23,1
23.9304,88.2374,2021-11-07,46.45,0.38,7.0,0.0,0.0,20.82,0.48,0
37.64,-81.8769,2015-03-04 00:00:00,50.22,1.7,8.0,40.7,48.400000000000006,13.5,0.07,1
52.6901,-3.8666,2011-04-03 03:20:00,62.77,0.0,16.0,4.3,8.2,32.03,0.23,1
39.941551,-121.267258,2016-07-12,23.31,1.6,0.0,0.0,0.0,6.86,0.41,0
20.855596,-156.168305,2016-11-21 15:00:00,52.22,5.48,17.0,10.3,26.1,27.36,0.29,1
-1.824,121.5179,2018-08-09,60.68,2.81,0.0,1.9,6.0,2.06,0.46,0
32.3712,77.2466,2023-02-18,33.47,1.13,2.0,0.0,0.0,22.09,0.82,0
45.377,-122.0704,2022-04-24,63.68,1.07,5.0,0.0,1.6,24.71,0.54,0
37.6536,-112.9821,2020-10-14,47.54,1.71,6.0,0.0,0.0,13.32,0.28,0
8.7463,-82.4569,2018-05-17,33.14,0.59,10.0,6.8,22.6,17.93,0.57,0
-1.2654,116.831,2020-11-25,71.77,0.5,0.0,2.7,33.2,19.83,0.42,0
53.792,-2.2389,2008-01-22 00:00:00,63.32,0.44,33.0,1.1,50.0,27.01,0.5,1
27.6969,111.9933,2023-08-23,15.71,1.17,12.0,0.1,21.7,11.73,0.56,0
37.67124551,-112.1110734,2018-05-17,39.9,0.0,4.0,0.0,0.0,21.76,0.43,0
10.41107984,123.877217,2016-11-13,64.42,1.71,1.0,0.1,7.2,6.3,0.57,0
-37.839925,177.595887,2016-11-11 15:00:00,69.84,5.35,0.0,3.1,3.1,34.23,0.55,1
-19.6528,-40.8424,2015-05-26,5.63,3.18,0.0,0.0,0.0,19.27,0.68,0
44.4686,-109.8833,2020-09-23,29.84,2.11,1.0,0.0,1.0,17.98,0.45,0
-7.6511,111.1835,2019-05-04,49.88,0.91,6.0,5.7,19.5,24.51,0.58,0
6.2245,124.7128,2016-10-04 23:00:00,54.94,2.86,26.0,19.5,51.9,46.2,0.31,1
-0.58474,37.559988,2017-05-20 20:14:00,45.2,3.41,15.0,0.3,3.0,20.66,0.57,1
47.7246,-122.2811,2015-04-02,14.84,2.02,3.0,0.5,24.8,15.87,0.44,0
49.7715,-116.9091,2015-02-07 00:00:00,65.13,3.75,20.0,14.3,58.5,27.25,0.28,1
43.6698,40.298,2014-07-27 00:00:00,57.13,5.17,8.0,4.5,7.8,12.89,0.18,1
27.8569,85.1287,2015-08-27 00:00:00,84.06,5.23,10.0,26.6,43.4,32.15,0.38,1
-41.2941,174.7855,2022-03-18,42.2,2.59,1.0,0.0,2.2,22.29,0.73,0
25.118398,92.853913,2023-10-25,20.55,0.44,9.0,0.2,5.2,10.06,0.5,0
30.8522,76.991,2015-05-06,24.07,1.86,0.0,0.0,0.0,18.47,0.79,0
-30.3167,30.6667,2019-10-26,35.35,0.35,10.0,0.0,0.0,14.27,0.55,0
15.41602484,75.61670443,2017-05-15 14:05:00,44.91,8.12,18.0,0.7,7.199999999999999,22.45,0.38,1
47.9696408,-122.3510792,2017-03-29 13:40:00,65.01,3.22,22.0,18.7,25.4,22.37,0.26,1
46.2128,-122.9199,2015-11-16 00:00:00,38.7,2.48,9.0,21.9,91.7,31.25,0.46,1
30.6207,34.8149,2016-05-03,45.42,1.25,7.0,0.0,0.0,5.57,0.55,0
34.52842248,-120.1723487,2023-02-17,33.64,3.11,6.0,0.0,0.0,26.39,0.63,0
-36.84933303,174.8388783,2017-04-05 13:19:00,53.97,8.49,3.0,27.3,73.60000000000001,19.62,0.21,1
28.278,84.35,2008-08-26 00:00:00,53.29,7.14,17.0,156.2,228.0,35.25,0.5,1
27.8173,83.4643,2011-07-01 04:30:00,66.08,8.73,17.0,102.9,209.3,32.95,0.33,1
36.27009466,-85.97897289,2017-05-30 13:34:00,58.05,7.92,9.0,1.6,2.4,35.68,0.59,1
27.1954,88.6115,2009-09-17 00:00:00,86.23,1.32,27.0,11.8,24.8,24.62,0.29,1
35.14803123,-81.01035394,2017-05-21 20:14:00,74.8,9.69,12.0,42.5,42.5,33.26,0.24,1
6.9894,122.1187,2018-07-10,24.25,3.12,4.0,15.9,24.8,12.29,0.77,0
39.1883,-107.2341,2020-09-27,64.55,3.46,4.0,0.0,0.0,6.62,0.61,0
28.21798862,84.71592278,2020-09-26,49.92,1.73,2.0,27.4,160.4,21.94,0.56,0
44.1799,18.6599,2023-01-14,31.97,1.85,3.0,5.5,5.5,2.76,0.54,0
14.6229,-90.5316,2007-09-22 00:00:00,61.7,4.75,23.0,34.1,64.0,35.15,0.09,1
-1.4771,102.4382,2017-04-03,61.56,0.0,7.0,8.2,60.2,28.84,0.44,0
12.9711,76.2728,2010-10-03 00:00:00,49.27,3.96,5.0,4.0,25.6,19.96,0.34,1
13.90074546,74.66018578,2017-06-12 13:27:00,98.53,0.0,2.0,175.5,568.6999999999999,28.53,0.34,1
-41.31460954,174.7789668,2016-01-17,73.7,0.35,9.0,0.0,2.5,14.9,0.69,0
45.68817427,-122.7038316,2011-02-12 06:50:00,54.76,1.5,6.0,13.7,13.7,40.69,0.16,1
31.2574,103.6019,2016-11-22,52.11,4.64,6.0,5.8,8.8,12.25,0.57,0
13.901105,-60.969451,2022-06-27,58.81,0.0,9.0,5.1,18.4,18.44,0.41,0
45.6706,-121.9383,2015-02-04,27.76,3.45,12.0,3.6,22.4,15.86,0.42,0
30.8796,119.4211,2013-02-20 13:47:00,28.83,7.49,12.0,0.0,33.4,31.66,0.42,1
40.4427,-80.0342,2009-03-10 15:00:00,51.76,9.67,25.0,2.3,32.6,20.32,0.5,1
36.2665,74.6006,2014-09-11 23:00:00,91.61,7.34,7.0,1.3,5.2,18.74,0.18,1
37.356,-2.0371,2019-04-09,5.0,1.47,3.0,0.0,0.5,14.23,0.47,0
38.36665773,-81.61067785,2017-01-14 18:34:00,69.68,4.18,13.0,18.6,28.5,33.05,0.05,1
46.77115383,-114.353279,2023-09-07,44.26,3.85,5.0,0.4,1.5,19.81,0.35,0
45.942,-122.7759,2015-12-09 15:00:00,60.98,5.16,10.0,32.9,157.4,26.23,0.18,1
-35.047,173.7463,2008-02-23 00:00:00,75.29,5.24,10.0,56.1,109.8,26.87,0.22,1
4.5791,101.3882,2014-12-30 17:30:00,61.59,6.84,5.0,4.5,45.1,27.33,0.47,1
-18.0903,178.3623,2019-03-22,5.0,0.0,0.0,12.1,20.6,11.41,0.36,0
14.651,-90.5403,2015-08-13,24.02,0.0,2.0,0.0,6.4,28.4,0.37,0
36.21772147,-121.7508007,2017-09-27,51.01,1.44,7.0,0.0,0.0,14.41,0.56,0
39.35900577,-123.5095595,2017-01-03 19:12:00,53.91,2.3,18.0,32.2,43.6,24.45,0.38,1
-6.9675,107.888,2013-01-03 00:00:00,44.29,7.11,14.0,13.6,48.2,36.05,0.51,1
40.19920903,-79.9235025,2021-01-15,49.38,1.85,5.0,4.5,4.5,27.34,0.64,0
30.8522,76.991,2010-08-13 00:00:00,51.11,5.23,8.0,5.0,30.5,44.73,0.36,1
43.31347825,-110.7420242,2017-03-17 14:24:00,83.05,5.86,7.0,0.0,1.4,38.6,0.1,1
47.5944,-122.3881,2017-09-03,27.16,0.0,3.0,0.0,0.0,16.13,0.63,0
11.3403,76.8267,2021-02-18,49.3,2.77,0.0,3.5,14.4,15.64,0.51,0
30.24147729,78.89773782,2017-12-11,61.18,3.33,7.0,0.6,0.6,14.23,0.44,0
34.219,77.2665,2008-03-30 00:00:00,59.66,2.58,24.0,0.0,0.0,24.6,0.24,1
44.5694,-123.617,2012-01-22 00:00:00,58.6,2.68,24.0,9.3,46.400000000000006,27.48,0.56,1
13.7084,123.2388,2022-02-05,48.68,1.82,9.0,2.9,14.8,14.16,0.55,0
27.8196,85.2114,2013-06-18 00:00:00,49.63,8.15,24.0,23.9,95.9,16.0,0.56,1
6.8907,-73.4081,2014-10-21 03:00:00,65.67,4.71,17.0,0.7,21.7,34.02,0.35,1
37.11761054,-122.0859022,2017-01-24 20:14:00,62.86,11.44,15.0,0.5,62.2,32.06,0.18,1
-6.5873,106.7932,2016-07-23,25.76,0.14,5.0,5.9,26.1,20.14,0.73,0
52.6843,-118.175,2019-09-17,59.05,2.0,2.0,0.0,14.5,31.14,0.41,0
40.3875,-79.7569,2021-03-08,40.86,0.0,0.0,0.0,0.0,3.75,0.73,0
16.28332586,80.26097734,2022-09-03,59.4,1.49,0.0,0.3,4.2,6.25,0.51,0
-40.9345,145.6226,2022-09-27,61.45,0.0,7.0,1.3,8.8,18.49,0.79,0
40.5459,39.5272,2009-11-21 00:00:00,66.43,4.69,15.0,33.2,52.0,20.4,0.41,1
37.8893,-122.4614,2014-12-16 09:00:00,51.11,6.33,12.0,12.8,41.5,24.12,0.42,1
54.267,-0.3913,1993-06-04 06:00:00,92.85,1.28,18.0,0.0,7.1,33.62,0.33,1
27.6072,86.9985,2009-08-20 00:00:00,37.08,6.34,6.0,38.5,96.0,32.52,0.35,1
38.395,-81.5871,2020-01-04,13.37,2.61,1.0,12.1,29.0,8.04,0.64,0
26.9226,107.3407,2014-08-27 20:00:00,60.94,4.49,5.0,1.5,12.2,27.18,0.25,1
45.98329529,-122.4228509,2019-02-03,45.15,1.1,6.0,8.6,30.9,17.75,0.47,0
22.90813548,92.47207294,2017-06-09 14:21:00,77.65,4.03,22.0,12.0,50.3,16.67,0.17,1
-9.5744,160.1445,2013-04-13 18:00:00,49.0,5.33,12.0,12.4,32.1,26.86,0.25,1
27.0998,93.6287,2022-12-27,23.68,2.0,6.0,7.2,18.9,17.34,0.63,0
41.942,-75.2291,2022-08-07,51.58,2.81,12.0,4.9,5.5,30.76,0.54,0
36.229474,-81.499376,2017-04-26,36.08,1.89,3.0,0.0,53.3,11.68,0.53,0
39.81020345,69.52794225,2023-05-24,33.33,1.23,4.0,0.0,4.5,22.48,0.38,0
15.8294,78.0501,2018-12-28,40.48,0.0,11.0,1.2,1.6,20.67,0.63,0
41.58207707,42.00481323,2017-02-25 21:39:00,67.04,7.31,3.0,0.0,14.6,28.41,0.31,1
54.81,-5.7647,2016-03-28 00:00:00,59.26,4.24,22.0,1.2,10.4,16.49,0.13,1
27.3144,89.545,2009-10-15 00:00:00,70.43,0.72,8.0,0.0,0.0,30.03,0.53,1
-7.004723,110.422311,2016-11-15 15:00:00,42.62,2.44,23.0,18.2,69.8,22.04,0.47,1
40.00918,-121.246364,2017-11-10,50.75,0.71,6.0,4.3,38.8,11.23,0.58,0
45.78715735,-123.9588755,2019-08-21,25.63,3.74,5.0,12.4,12.4,5.73,0.59,0
33.7112,-117.6428,2017-05-12,57.77,2.86,3.0,0.0,0.4,15.08,0.57,0
37.5457,-82.7778,2014-04-30 23:00:00,79.61,2.47,21.0,23.3,50.1,25.43,0.5,1
36.9566,-121.6815,2009-10-13 00:00:00,45.65,7.95,5.0,97.7,98.0,12.52,0.59,1
50.9001,0.4864,2012-12-22 09:00:00,33.7,4.74,0.0,16.2,32.0,36.31,0.36,1
21.4782,-158.05,2011-01-13 19:24:00,56.74,2.34,6.0,14.0,34.4,39.59,0.42,1
28.239,82.9415,2015-06-20,40.95,0.73,8.0,10.6,17.4,23.42,0.45,0
25.4191,94.1079,2017-06-04,17.27,2.91,0.0,13.2,40.0,21.28,0.69,0
34.89483946,72.79989006,2017-11-17,39.19,0.0,0.0,0.0,3.0,23.49,0.39,0
35.078,-82.808,2015-01-09,5.0,3.68,1.0,0.0,0.0,7.92,0.81,0
43.8406,-122.627,2012-03-12 00:00:00,63.98,6.48,6.0,9.0,26.7,41.96,0.47,1
20.9629,107.0722,2017-10-07,45.7,0.0,9.0,32.7,71.7,17.22,0.62,0
24.89456743,121.7334279,2015-05-21,39.12,4.02,4.0,21.0,37.3,25.65,0.51,0
47.959627,-122.248738,2017-03-24 14:10:00,43.29,0.0,19.0,9.9,19.5,21.91,0.54,1
0.771483087,35.56580095,2022-08-06,45.25,1.16,4.0,8.0,21.7,16.93,0.43,0
17.3768,-92.7439,2015-10-07 00:00:00,47.0,3.23,13.0,0.0,0.0,21.01,0.36,1
48.2264,-114.3032,2018-03-25,44.78,1.24,0.0,0.2,4.8,18.68,0.33,0
60.1346,-2.0885,2007-08-06 00:00:00,56.95,5.88,17.0,21.5,30.4,20.32,0.36,1
37.25520686,-107.017168,2017-04-14 17:55:00,47.2,5.39,32.0,0.0,0.4,33.75,0.49,1
47.43593125,-122.4658786,2020-05-22,48.32,0.0,9.0,0.0,5.3,14.76,0.39,0
37.12855432,-122.1211344,2016-11-21,42.85,1.7,7.0,0.1,26.3,0.0,0.27,0
43.3207,-72.0358,2008-04-29 00:00:00,29.69,1.39,20.0,32.7,52.900000000000006,30.33,0.45,1
39.9425,-107.8818,2007-08-14 00:00:00,71.93,1.05,28.0,0.3,1.2,35.26,0.21,1
36.22480107,-81.52494138,2021-09-11,53.32,0.0,5.0,0.0,2.7,0.65,0.53,0
31.45206,78.401303,2016-08-21 17:45:00,39.44,2.49,18.0,6.3,16.5,14.78,0.24,1
-6.9959,107.5044,2017-01-18,52.48,1.8,5.0,2.2,25.700000000000003,26.11,0.61,0
1.0172,122.1997,2021-09-19,47.76,0.0,10.0,2.5,11.7,22.31,0.43,0
36.23,111.38,2008-09-08 08:00:00,60.16,5.27,0.0,12.3,15.0,25.64,0.0,1
39.1652,-107.8476,2014-05-25 00:00:00,53.46,1.18,12.0,14.5,25.5,36.84,0.24,1
38.297838,-120.704661,2016-10-30 14:24:00,65.33,3.34,19.0,25.0,51.6,24.47,0.24,1
26.8342,88.2798,2009-09-18 00:00:00,74.64,3.2,8.0,12.5,30.4,22.53,0.35,1
19.0298,72.9104,2021-08-01,70.87,1.61,1.0,3.9,17.7,28.94,0.61,0
42.0124,20.9482,2018-07-18,39.92,0.8,4.0,0.2,7.3,8.73,0.61,0
49.1797,-121.7407,2014-11-08 14:00:00,40.68,2.32,12.0,0.0,42.8,18.6,0.26,1
37.7219,-82.31,2015-03-05 22:30:00,75.81,8.12,16.0,23.1,67.0,23.17,0.25,1
34.379152,-118.402419,2016-12-16 14:35:00,64.41,6.27,7.0,13.4,14.1,27.36,0.29,1
27.98531715,94.21263589,2017-07-04 19:39:00,58.57,1.96,13.0,79.5,138.3,20.83,0.27,1
6.2069,7.0678,2023-02-24,33.07,3.0,0.0,1.1,1.1,8.61,0.38,0
44.104,-116.0033,2016-02-27 15:30:00,56.69,9.37,1.0,7.3,7.3,23.75,0.53,1
31.6916,76.5102,2019-06-25,30.79,3.46,4.0,2.0,6.3,0.0,0.66,0
48.1393,-122.6011,2013-03-27 03:45:00,64.75,5.52,9.0,0.3,0.3,30.76,0.2,1
26.1324,91.8342,2014-09-22 00:00:00,51.23,1.98,17.0,55.8,142.1,24.96,0.5,1
12.89674168,74.85970453,2020-06-03,39.74,1.81,4.0,30.7,92.4,13.42,0.3,0
47.4412,-121.9607,2021-07-28,23.9,0.37,7.0,0.0,0.0,18.1,0.88,0
47.7463,-121.086,2015-09-21,54.6,4.14,12.0,1.4,10.4,13.93,0.57,0
20.66353189,-156.0424592,2021-04-23,19.85,1.89,0.0,4.4,11.1,12.01,0.71,0
39.7958,-121.4519,2021-01-13,36.02,1.72,1.0,0.8,2.0,4.08,0.36,0
45.087,-122.0578,2012-03-16 09:00:00,52.36,0.0,18.0,20.0,58.6,30.46,0.46,1
32.36993877,-110.7105473,2021-02-18,27.39,3.5,4.0,0.0,0.8999999999999999,20.9,0.49,0
10.335,123.8725,2016-03-25,41.28,3.87,1.0,0.7,2.0,10.34,0.52,0
47.5857,-120.682,2019-08-05,17.36,1.1,8.0,0.0,0.0,30.26,0.16,0
3.0994,101.677,2013-05-09 00:00:00,33.28,3.73,27.0,2.6,31.200000000000003,25.6,0.53,1
50.1067,-122.9765,2007-02-04 00:00:00,68.7,10.47,15.0,4.9,7.5,23.03,0.11,1
14.7836,-91.1836,2019-12-08,59.15,2.76,0.0,0.0,0.0,10.66,0.51,0
25.1424,98.4802,2023-12-14,40.4,1.11,0.0,13.2,30.7,2.2,0.73,0
5.453011,100.214496,2017-11-18,34.92,0.06,1.0,4.8,41.6,5.97,0.59,0
52.9903,-119.3106,2023-07-02,16.19,0.67,5.0,0.1,8.6,19.5,0.64,0
38.3686,-81.6026,2019-12-11,32.35,3.3,2.0,0.1,28.7,12.7,0.6,0
-0.5605,37.0488,2013-04-21 00:00:00,45.28,2.42,23.0,11.0,19.9,32.36,0.27,1
22.225713,113.921806,2016-01-11,40.42,0.0,0.0,18.5,26.0,22.67,0.63,0
37.6475,-122.4936,2008-02-16 00:00:00,70.32,7.76,8.0,0.0,0.0,43.42,0.38,1
-38.0195,143.4171,2016-10-02 00:00:00,57.09,4.92,17.0,15.8,26.1,24.04,0.2,1
37.2506,43.6143,2020-05-01,39.56,2.61,8.0,9.7,10.5,21.11,0.34,0
38.76486531,-120.324996,2021-01-21,43.47,1.75,0.0,0.0,0.0,20.34,0.82,0
47.6475,-116.1167,2011-03-30 00:00:00,61.4,5.99,23.0,16.6,30.5,28.92,0.26,1
17.9683,97.9422,2016-07-03,59.41,2.72,5.0,5.7,24.5,31.59,0.37,0
29.5194,80.469,2015-12-09,50.82,1.11,1.0,0.1,0.1,20.16,0.8,0
29.8496,80.5544,2016-04-03,51.07,2.87,6.0,0.3,0.3,20.93,0.67,0
44.5694,-123.617,2022-10-23,36.06,0.0,7.0,0.0,6.9,18.57,0.61,0
23.7736,94.1201,2015-08-01 00:00:00,55.94,2.89,17.0,14.1,429.6,42.67,0.14,1
14.7171,121.6171,2017-08-05,45.43,1.67,9.0,0.3,1.4,9.48,0.73,0
28.5299,112.3174,2017-08-19,26.95,0.0,2.0,0.0,6.6,12.53,0.69,0
46.1896,-123.8215,2012-12-19 00:00:00,69.94,2.58,6.0,77.3,95.7,21.48,0.48,1
40.22400142,-79.95929042,2017-05-01 13:22:00,44.62,1.56,13.0,12.4,17.5,20.39,0.39,1
7.375,125.87,2008-09-06 00:00:00,43.76,10.8,23.0,6.1,19.7,5.64,0.32,1
10.342048,123.861028,2016-12-14 14:22:00,59.97,4.97,5.0,11.4,23.8,14.43,0.57,1
47.5328,-122.073,2019-10-14,37.88,2.04,2.0,0.0,0.9,13.17,0.23,0
27.5862,104.8613,2016-03-27,36.84,1.77,0.0,0.2,2.6,19.12,0.7,0
46.483063,-116.172497,2020-03-18,22.39,1.57,2.0,0.9,0.9,11.31,0.56,0
6.0327,80.2174,2007-05-04 00:00:00,77.71,5.63,8.0,12.7,26.8,24.86,0.36,1
27.357968,85.975127,2016-09-11 12:55:00,55.15,6.08,20.0,15.2,40.4,17.1,0.18,1
29.3014,108.1536,2007-04-02 00:00:00,83.87,6.42,16.0,13.6,28.4,18.08,0.14,1
38.8759,-104.9362,2013-07-10 15:00:00,38.59,4.66,12.0,5.4,5.4,37.09,0.48,1
37.4198,-107.8385,2016-08-07 00:00:00,39.28,7.0,8.0,0.3,37.0,25.67,0.39,1
